date,well_name,bhp,bht,dp_tubing,AVG_CHOKE_SIZE_P,thp,tht,choke_size_percentage,QL,QG,well6_inj,well7_inj
2014-04-21,15/9-F-1 C,301.3756413043478,102.67637913043478,204.79518347826087,20.989748333333335,96.58045782608696,19.196819130434783,69.7755695652174,0.0,0.0,5662.274117083333,4768.821609791667
2014-04-22,15/9-F-1 C,289.42136166666666,106.35320895833334,182.059311875,43.34345125,107.36204979166666,37.93925125,78.93540895833333,631.47,90439.09000000001,5789.492553541667,4247.453941666667
2014-04-23,15/9-F-1 C,270.23979291666666,107.64377895833333,171.05278208333334,47.167523125,99.18701083333333,60.756579375,70.627109375,1166.46,165720.39,6465.918884166666,5060.79575375
2014-04-24,15/9-F-1 C,262.8427475,107.86923416666667,168.24197729166667,47.73231020833333,94.60077020833333,63.046799791666665,66.049150625,1549.8100000000002,221707.30999999997,6158.8,5236.8
2014-04-25,15/9-F-1 C,255.52699520833335,107.97113708333333,165.538903125,48.53376875,89.98809208333333,64.54722916666667,61.40538625,1248.7,178063.52,6412.503662083333,5423.6039125
2014-04-26,15/9-F-1 C,247.19905208333333,108.05203020833333,162.42224166666668,49.844502291666664,84.77681041666666,65.72369375,56.14790645833333,1345.78,192602.19000000003,6499.575362708333,5523.876212708334
2014-04-27,15/9-F-1 C,240.736416875,108.05380395833333,159.89901979166666,50.296981875,80.83739708333333,66.93373229166667,52.20174708333333,1349.56,194496.27,6968.375565208334,5790.59162125
2014-04-28,15/9-F-1 C,235.02093145833334,108.04163645833333,157.68322,50.735878541666665,77.33771145833333,67.84834791666667,48.707583541666665,1345.61,192899.71,7116.851197083333,5838.532135416666
2014-04-29,15/9-F-1 C,232.74371041666666,107.987806875,156.794893125,50.11391979166667,75.94881729166667,65.70691916666667,47.375714583333334,1279.46,184900.30999999997,7468.198943958333,5755.027184166666
2014-04-30,15/9-F-1 C,233.29777791666666,107.89323895833333,157.179385,48.92679020833334,76.11839291666666,62.795643958333336,47.61060354166667,1225.62,177107.86,7524.983123958334,5743.776282916667
2014-05-01,15/9-F-1 C,231.0888975,107.87692229166667,156.39897770833332,48.93862895833333,74.68991979166667,62.376834375,46.195843333333336,1212.9,174608.88,7672.1511083333335,5721.580833541667
2014-05-02,15/9-F-1 C,231.41900520833335,107.81687916666667,156.69023791666666,48.303704583333335,74.72876729166667,60.747315625,46.15029979166667,1074.04,154870.67,7674.804871041667,5718.7838285416665
2014-05-03,15/9-F-1 C,230.76554520833332,107.79546708333334,156.60596666666666,48.17349875,74.15957854166666,60.627934375,45.73272291666667,1044.17,147929.93,7836.5824589583335,5669.658187916667
2014-05-04,15/9-F-1 C,230.595831875,107.76431541666666,156.687604375,47.466087916666666,73.9082275,58.279021666666665,45.491345,970.2000000000002,139378.45,7986.122268958334,5656.960121458334
2014-05-05,15/9-F-1 C,229.423676875,107.77973166666666,156.42926291666666,47.84001958333333,72.99441395833334,54.9047225,44.54851,946.12,136980.49,8331.10108875,5519.907181041666
2014-05-06,15/9-F-1 C,225.9024775,107.86022020833333,154.95086020833332,49.00558229166667,70.95161729166666,58.882811458333336,42.44995395833333,1002.83,144950.15,8681.171187708333,5506.497482083333
2014-05-07,15/9-F-1 C,225.76834875,107.83816541666667,155.05853583333334,47.920399583333335,70.70981291666666,57.42564229166667,42.048938541666665,925.31,135000.24,8436.018372083334,5553.702338958334
2014-05-08,15/9-F-1 C,225.68692270833333,107.821048125,155.14190229166667,47.296947708333335,70.54502041666667,57.655958125,41.15918895833333,913.86,127564.51,4928.276713125,3407.0914866666667
2014-05-09,15/9-F-1 C,227.79783849312602,107.5994551584939,156.85221704868093,29.13358708333333,70.94562144444508,55.95530239297234,41.74523020964568,306.73720157243304,42198.398940530635,0.0,0.0
2014-05-10,15/9-F-1 C,226.06091479166668,107.68369,155.16497145833333,48.13438479166667,70.89594333333334,57.37377854166667,41.90457979166667,944.19,52162.579999999994,0.0,0.0
2014-05-11,15/9-F-1 C,225.09668541666667,107.836451875,155.16161875,47.49388729166667,69.93506666666667,58.024333541666664,41.48348958333333,823.41,117731.72000000002,0.0,0.0
2014-05-12,15/9-F-1 C,226.02269270833332,107.77166645833333,155.79650583333333,46.93359,70.226186875,56.88541625,41.80654479166667,769.0099999999999,111238.01,0.0,0.0
2014-05-13,15/9-F-1 C,226.90499510638298,107.71747319148936,156.57676718971632,46.335198958333336,70.32822791666666,54.25530875,41.925575,740.7999999999998,107144.39999999998,0.0,0.0
2014-05-14,15/9-F-1 C,225.57624978723405,107.74143479166666,156.2037677039007,45.162089583333334,69.37248208333334,54.99535708333333,40.98107625,713.2400000000001,102880.55,0.0,0.0
2014-05-15,15/9-F-1 C,225.89259895833334,107.70935872340425,156.82564125,46.31644395833333,69.06695770833333,48.59812458333333,40.65059895833333,743.83,106745.44,0.0,0.0
2014-05-16,15/9-F-1 C,225.70079787234042,107.71023416666667,157.10794391400708,46.34614208333333,68.59285395833334,48.37775479166667,40.13814,736.09,104864.02,0.0,0.0
2014-05-17,15/9-F-1 C,223.60251041666666,107.77769229166667,156.346404375,47.08721125,67.25610604166667,53.92077354166667,38.839852083333334,782.88,110078.32,0.0,0.0
2014-05-18,15/9-F-1 C,220.10196229166667,107.88902957446808,154.69510125,47.769806875,65.40686104166667,53.83151333333333,36.990086875,834.68,117387.58,0.0,0.0
2014-05-19,15/9-F-1 C,220.49043893617022,107.86042291666666,155.1761033111702,47.13594875,65.314335625,55.75360791666667,36.90605083333333,788.7999999999998,109517.37,0.0,0.0
2014-05-20,15/9-F-1 C,220.153866875,107.85864833333333,155.23751041666668,47.14246875,64.91635645833334,55.628124375,36.50938479166667,783.06,109362.2,0.0,0.0
2014-05-21,15/9-F-1 C,220.06589395833333,107.851481875,155.37458229166666,46.524590833333335,64.69131166666666,52.236396666666664,36.280858125,743.77,104993.12,0.0,0.0
2014-05-22,15/9-F-1 C,219.982621875,107.8523675,155.54675833333334,46.2889975,64.43586354166666,53.66113229166667,36.01890375,735.41,107115.77,0.0,0.0
2014-05-23,15/9-F-1 C,219.86292604166667,107.86721854166667,155.572074375,46.284226875,64.29085166666667,49.05298020833333,35.873076875,836.2000000000002,108079.02999999998,0.0,0.0
2014-05-24,15/9-F-1 C,219.922990625,107.88298,155.75273854166667,46.24215791666666,64.17025208333334,54.6906875,35.750709791666665,846.9599999999999,108387.02,0.0,0.0
2014-05-25,15/9-F-1 C,219.9771025,107.90278770833334,155.90444416666668,46.261677291666665,64.07265833333334,55.231164375,35.671312916666665,851.58,105809.71,0.0,0.0
2014-05-26,15/9-F-1 C,219.97377531914893,107.92071145833333,156.04339469414893,46.26510666666667,63.930380625,55.102527916666666,35.528916875,813.88,106514.13,0.0,0.0
2014-05-27,15/9-F-1 C,219.98047520833333,107.93646229166667,156.24326083333332,46.226333333333336,63.737214375,55.311219375,35.33483833333333,806.58,105800.29,0.0,0.0
2014-05-28,15/9-F-1 C,219.26666729166666,107.44471020833333,155.71557541666667,46.215003125,63.551091875,55.508233125,35.155495208333335,771.9699999999999,102249.56,0.0,0.0
2014-05-29,15/9-F-1 C,220.00718041666667,107.96204104166667,156.54946291666667,46.21505770833333,63.4577175,56.170836875,35.05228625,775.9,102823.5,0.0,0.0
2014-05-30,15/9-F-1 C,220.00026020833334,107.97361333333333,156.66496541666666,46.231572291666666,63.33529479166667,55.851693125,34.923878333333334,782.0400000000001,103977.99,0.0,0.0
2014-05-31,15/9-F-1 C,219.99351354166666,107.985045625,156.78348708333334,46.2074025,63.21002645833333,55.59603083333333,34.79286458333333,794.92,105761.32,0.0,0.0
2014-06-01,15/9-F-1 C,220.00573708333334,107.99384645833334,156.8641125,46.264785,63.14162458333333,55.963499375,34.72635520833333,804.2900000000001,107035.76,0.0,0.0
2014-06-02,15/9-F-1 C,221.3284255119818,107.82458002092727,157.53832177425,41.71340020833333,63.79010373773182,50.77397000734091,35.35194577638182,552.0436363636363,74469.06545454545,0.0,0.0
2014-06-03,15/9-F-1 C,220.24048708333333,107.964823125,157.86784375,46.19318770833333,62.372643333333336,53.04666854166667,33.94682958333333,795.8000000000001,104865.93,0.0,0.0
2014-06-04,15/9-F-1 C,221.267634375,107.96092625,159.45106520833335,46.157305208333334,61.81656916666667,53.73631604166667,33.38708375,786.5300000000001,104234.10000000002,0.0,0.0
2014-06-05,15/9-F-1 C,221.044650195642,107.97263406134603,158.75822307562981,47.04156520833333,62.286427120012185,54.244612314888435,33.84168292885635,767.86,99517.49,0.0,0.0
2014-06-06,15/9-F-1 C,220.74979458333334,107.986805625,157.67422541666667,47.202699375,63.07556916666667,56.53423395833333,34.64576291666667,782.56,99850.49,0.0,0.0
2014-06-07,15/9-F-1 C,220.64014083333333,107.99410875,157.27830479166667,47.19410729166667,63.36183604166666,56.61542145833333,34.93372958333333,786.3699999999999,100306.26,0.0,0.0
2014-06-08,15/9-F-1 C,220.50405041666667,108.0027125,157.18459354166666,47.152024375,63.319456875,52.051159375,34.891520625,781.9500000000002,99959.04,0.0,0.0
2014-06-09,15/9-F-1 C,221.45051448717948,107.75725956410257,159.1132395,38.978911458333336,62.337274987179484,53.55922412820513,34.670299666666665,328.1230769230769,42973.35384615384,0.0,0.0
2014-06-10,15/9-F-1 C,220.85169229166667,107.99075354166666,158.07450145833334,46.512532291666666,62.777190833333336,54.486153333333334,34.351681875,731.9900000000001,95262.3,0.0,0.0
2014-06-11,15/9-F-1 C,218.41471229166666,108.06527416666667,156.68516375,47.815207916666665,61.72954854166667,54.295347291666666,33.31382708333334,840.15,108793.22000000002,0.0,0.0
2014-06-12,15/9-F-1 C,215.49685895833332,108.13936083333333,155.55921520833334,48.72777375,59.93764375,61.561027083333336,31.529283333333332,906.73,116554.82,0.0,0.0
2014-06-13,15/9-F-1 C,214.823228125,108.13519916666667,154.68515791666667,48.263916875,60.13807020833333,62.32717875,31.739437916666667,875.64,120308.02999999998,0.0,0.0
2014-06-14,15/9-F-1 C,215.83254083333333,108.104783125,155.59778541666665,48.00591375,60.234755416666665,59.584406875,31.83577875,835.5300000000001,115374.09000000001,0.0,0.0
2014-06-15,15/9-F-1 C,214.877320625,108.11380416666667,154.95770833333333,48.04032458333333,59.91961229166667,60.77416125,31.544266458333333,840.7099999999999,116058.02999999998,0.0,0.0
2014-06-16,15/9-F-1 C,215.38082170212766,108.08764729166667,155.33310524379434,47.74037104166667,60.04771645833333,59.444948125,31.67064,809.27,111152.61,0.0,0.0
2014-06-17,15/9-F-1 C,216.11873333333332,108.067196875,155.97842479166667,47.62397166666667,60.14030854166667,58.607166666666664,31.763173958333333,777.17,107050.89,0.0,0.0
2014-06-18,15/9-F-1 C,215.98383375,108.06562833333334,156.19699666666668,47.639864583333335,59.78683708333333,58.66236833333333,31.399544375,775.2599999999999,106456.63,0.0,0.0
2014-06-19,15/9-F-1 C,215.818061875,108.06648270833334,156.37844083333334,47.60717375,59.43962104166667,57.54992875,31.0531575,768.2400000000001,105827.77,0.0,0.0
2014-06-20,15/9-F-1 C,215.57881625,108.07265958333333,156.48818166666666,47.585172916666664,59.09063458333333,58.445866875,30.703629375,761.4900000000001,104860.95,0.0,0.0
2014-06-21,15/9-F-1 C,215.30386958333332,108.07888145833333,156.59927333333334,47.61119583333333,58.70459625,58.70271770833333,30.313028125,758.52,104155.82,0.0,0.0
2014-06-22,15/9-F-1 C,214.949325,108.08456916666667,156.71347770833333,47.619820833333335,58.235847291666666,58.418325833333334,29.846284166666667,754.43,102417.8,0.0,0.0
2014-06-23,15/9-F-1 C,214.85795,108.08680083333333,157.393641875,47.659732291666664,57.464308125,57.882807291666666,28.779579375,747.43,102284.59000000001,0.0,0.0
2014-06-24,15/9-F-1 C,214.89729020833335,108.07987125,157.98934020833335,47.6279225,56.90795,57.349905416666665,28.519126875,752.92,96651.98,0.0,0.0
2014-06-25,15/9-F-1 C,214.82190723404256,108.08357765957447,157.94656285904256,46.567545,56.875344375,58.00721583333333,28.4768975,655.7,85082.22,0.0,0.0
2014-06-26,15/9-F-1 C,219.55899298132522,107.44735424631241,158.58117644543043,44.0,60.97781653589478,49.15179838775445,35.122920913290635,609.706253207287,80205.19401109428,0.0,0.0
2014-06-27,15/9-F-1 C,217.25173717366394,107.63490568517282,162.7894177693843,44.37510354166667,54.46231940427964,50.51060779353536,26.031601158835127,480.99027706157716,63656.24610576869,0.0,0.0
2014-06-28,15/9-F-1 C,215.09275833333334,108.07768,160.76595083333333,47.05341229166667,54.3268075,55.68809958333333,25.902731458333335,680.62,88192.51,0.0,0.0
2014-06-29,15/9-F-1 C,215.258875,108.09929489361703,160.19683020833332,46.83165625,55.062044791666665,55.970378125,26.645965416666666,653.61,85616.39,0.0,0.0
2014-06-30,15/9-F-1 C,215.35081520833333,108.107908125,160.21150020833332,45.827834583333335,55.139315,56.00588,26.72682125,583.89,76979.08,0.0,0.0
2014-07-01,15/9-F-1 C,215.38468833333334,108.11446104166667,160.41724583333334,46.78695666666667,54.9674425,56.254037708333335,26.55513,641.95,84307.54,0.0,0.0
2014-07-02,15/9-F-1 C,215.40707854166666,108.11909520833333,160.598766875,46.799730833333335,54.80831166666667,51.65249875,26.38999625,642.98,84364.91,0.0,0.0
2014-07-03,15/9-F-1 C,215.33240229166665,108.12402520833334,160.78178666666668,46.80368645833333,54.550615625,50.82098125,26.13235,643.97,84351.11,0.0,0.0
2014-07-04,15/9-F-1 C,215.21147125,108.129059375,161.10066208333333,46.84702458333334,54.11080916666667,51.418441875,25.676259166666668,643.28,84183.26,0.0,0.0
2014-07-05,15/9-F-1 C,215.11890875,108.13237,161.48407,46.85599229166667,53.63483875,54.23162875,25.20113875,643.4100000000001,83869.61,0.0,0.0
2014-07-06,15/9-F-1 C,215.0673625,108.13437916666666,161.97297583333332,46.8647225,53.094386666666665,56.63623354166667,24.65926375,643.68,83853.8,0.0,0.0
2014-07-07,15/9-F-1 C,215.07005708333332,108.13567,162.40674958333332,46.824565625,52.6633075,54.966429375,24.2335,676.47,77846.76,0.0,0.0
2014-07-08,15/9-F-1 C,215.047056875,108.13860020833333,163.02299916666666,46.803720416666664,52.02405770833333,57.485014791666664,23.586095833333335,770.43,77885.2,0.0,0.0
2014-07-09,15/9-F-1 C,215.13584104166668,108.14017083333333,163.88908729166667,46.80707625,51.24675375,56.122917916666665,22.798340208333332,769.0600000000001,77858.58,0.0,0.0
2014-07-10,15/9-F-1 C,215.165233125,108.14286208333333,164.23292125,46.79164125,50.932311875,57.48888791666667,22.479929791666667,703.38,73240.81,0.0,0.0
2014-07-11,15/9-F-1 C,215.18770520833334,108.14442125,164.69582291666666,46.78772979166666,50.49188229166667,56.119412708333336,22.037508541666668,744.89,72894.63,0.0,0.0
2014-07-12,15/9-F-1 C,215.46357625,108.14204229166667,165.92741708333332,46.859409791666664,49.536159166666664,56.63337875,21.080241666666666,692.31,72637.03,0.0,0.0
2014-07-13,15/9-F-1 C,215.75903729166666,108.134254375,166.74310729166666,46.800471875,49.01593,57.20372041666667,20.539875208333335,681.38,71515.34,0.0,0.0
2014-07-14,15/9-F-1 C,215.97684375,108.12051979166667,167.41170708333334,47.002657291666665,48.56513666666667,56.77503229166667,20.10156125,707.3399999999998,73095.92,0.0,0.0
2014-07-15,15/9-F-1 C,215.05076083333333,108.14456916666667,166.18858895833333,47.88535770833333,48.862171875,56.39544583333333,20.379876875,722.88,70443.1,0.0,0.0
2014-07-16,15/9-F-1 C,214.82744666666667,108.14955,166.34190645833334,47.76055458333333,48.48554020833333,56.41817270833333,20.016264791666668,710.12,69327.14,0.0,0.0
2014-07-17,15/9-F-1 C,214.76105791666666,108.15141541666667,166.58482583333333,47.713503958333334,48.17623208333333,55.02667833333334,19.70736875,705.52,68816.51,0.0,0.0
2014-07-18,15/9-F-1 C,214.92327895833333,108.147955625,167.47418229166666,47.695167291666664,47.44909666666667,58.93711104166667,19.009266458333332,700.33,68361.17,0.0,0.0
2014-07-19,15/9-F-1 C,215.03451333333334,108.14724333333334,167.63869291666666,47.686235,47.395820416666666,58.306706875,18.922445833333335,698.7599999999999,68466.24,0.0,0.0
2014-07-20,15/9-F-1 C,216.04491832856903,108.02094227063711,168.82707762488258,43.933952291666664,47.217840703686456,55.548099895086956,18.539169488871224,460.56459793742687,48091.79601243004,0.0,0.0
2014-07-21,15/9-F-1 C,215.11191583333334,108.142285,170.29972791666665,47.97656,44.812187916666666,56.696215625,16.28781875,743.02,72965.95,0.0,0.0
2014-07-22,15/9-F-1 C,215.06211645833332,108.17622895833334,168.71596854166665,47.700909583333335,46.346147916666666,58.75582166666667,17.86825,710.87,69274.03,0.0,0.0
2014-07-23,15/9-F-1 C,215.20504229166667,108.18169791666666,169.04784541666666,47.718328541666665,46.157196875,58.98481395833333,17.68069,705.12,69890.63,0.0,0.0
2014-07-24,15/9-F-1 C,215.37842395833334,108.18226645833333,169.28101479166668,47.633364791666665,46.097409166666665,59.719150625,17.614390208333333,699.0300000000001,69742.96,0.0,0.0
2014-07-25,15/9-F-1 C,215.5264675,108.18259291666666,169.77094645833333,47.65598479166667,45.75552104166667,59.46733520833333,17.268634791666667,697.61,69237.42,0.0,0.0
2014-07-26,15/9-F-1 C,215.61353270833334,108.183284375,170.11225,47.609579583333336,45.501282708333335,60.03879375,17.04690666666667,710.4,68830.6,0.0,0.0
2014-07-27,15/9-F-1 C,215.84410458333332,108.182708125,170.95729833333334,47.59103270833333,44.88680625,58.891433125,16.437135625,720.9500000000002,68637.71,0.0,0.0
2014-07-28,15/9-F-1 C,216.08671333333334,108.18264020833334,171.44501375,47.60245354166667,44.641699583333335,59.25229625,16.195364583333333,703.21,68330.74,0.0,0.0
2014-07-29,15/9-F-1 C,215.96572375,108.191258125,171.36745208333335,48.1316,44.59827166666667,56.663951875,16.150985208333335,740.2599999999999,71884.8,0.0,0.0
2014-07-30,15/9-F-1 C,214.62624645833333,108.23273916666666,169.63605541666666,48.716769166666666,44.99019104166667,57.164944375,16.521602291666667,732.6,72278.48,0.0,0.0
2014-07-31,15/9-F-1 C,215.092216875,108.21981333333333,171.84478916666666,48.717893125,43.24742770833333,58.959274791666665,14.724694583333333,594.27,56054.71,0.0,0.0
2014-08-01,15/9-F-1 C,215.02680083333334,108.22088375,171.35553333333334,48.721320625,43.6712675,59.04387666666667,15.149589375,596.65,56399.27,0.0,0.0
2014-08-02,15/9-F-1 C,215.15461583333334,108.2167,172.01562916666666,48.704525,43.13898666666667,58.062896875,14.60492125,597.34,56289.52,0.0,0.0
2014-08-03,15/9-F-1 C,215.1299525,108.21664916666667,171.87886208333333,48.69856083333333,43.25109041666666,57.608462083333336,14.743590625,590.34,56568.78,0.0,0.0
2014-08-04,15/9-F-1 C,212.89510270833333,108.26196583333333,168.85866416666667,49.53813770833333,44.03643854166667,56.58262104166667,15.51763875,646.24,61912.18,0.0,0.0
2014-08-05,15/9-F-1 C,210.16669395833333,108.32515333333333,166.75778916666667,49.63278125,43.408904791666664,63.582511875,14.91257,769.9699999999999,75078.33,0.0,0.0
2014-08-06,15/9-F-1 C,209.822861875,108.32050770833334,167.205560625,49.59429395833333,42.61730125,62.68489354166667,14.107544791666667,722.54,69712.66,0.0,0.0
2014-08-07,15/9-F-1 C,210.09380645833335,108.30718638297873,169.04300229166665,50.194875,41.050804166666666,60.702031875,12.535359375,814.9200000000001,77390.65,0.0,0.0
2014-08-08,15/9-F-1 C,210.18405208333334,108.29701354166667,169.81861333333333,50.21089125,40.36543875,62.56045770833333,11.8383425,815.52,76994.95,0.0,0.0
2014-08-09,15/9-F-1 C,210.54521979166665,108.283063125,170.39707145833333,49.946295416666665,40.14814833333333,58.139879791666665,11.605805625,783.3299999999999,73656.88,0.0,0.0
2014-08-10,15/9-F-1 C,210.63094708333333,108.28098729166666,170.85841791666667,50.239226875,39.772529166666665,56.230880416666665,11.218987291666666,812.39,76002.49,0.0,0.0
2014-08-11,15/9-F-1 C,213.44830479166666,108.17050020833334,176.09832521719858,49.43711270833333,37.34997957446809,50.72395541666667,8.751239157801418,592.3,52975.29,0.0,0.0
2014-08-12,15/9-F-1 C,215.50558666666666,108.13843708333333,178.41154770833333,48.82824395833333,37.094038958333336,44.267469375,8.481566666666666,527.36,44830.19,0.0,0.0
2014-08-13,15/9-F-1 C,215.89499104166666,108.15935625,178.0034325,48.57821125,37.89155854166667,50.890079166666666,9.290505625,513.62,44300.38,0.0,0.0
2014-08-14,15/9-F-1 C,215.85510708333334,108.188661875,177.02265666666668,48.498236041666665,38.83245041666667,56.830907708333335,10.254388958333333,546.17,47071.12,0.0,0.0
2014-08-15,15/9-F-1 C,215.776775,108.20372145833333,176.23341625,48.471804375,39.54335875,57.329050625,10.978174166666667,545.21,46462.15,0.0,0.0
2014-08-16,15/9-F-1 C,216.00179125,108.20238416666666,176.63536125,48.479274583333336,39.36643,52.84613395833333,10.795766458333333,542.74,44219.4,0.0,0.0
2014-08-17,15/9-F-1 C,216.01608520833332,108.21058979166666,176.17745625,48.47285604166667,39.83862895833333,53.757828125,11.25882875,543.28,44243.43,0.0,0.0
2014-08-18,15/9-F-1 C,216.08165916666667,108.21504041666667,176.08040354166667,48.446861041666665,40.001255625,57.06408604166667,11.42737125,540.26,44083.13,0.0,0.0
2014-08-19,15/9-F-1 C,217.06524887895046,108.21478894066514,176.476010964746,15.61403125,40.58923791420447,56.848805223161165,12.716694342214065,0.0,0.0,0.0,0.0
2014-09-02,15/9-F-1 C,284.44077056890325,100.7370077507613,243.63587828343225,3.7343420833333334,40.80489228547097,20.767562621625807,35.6513643552,0.0,0.0,0.0,0.0
2014-09-03,15/9-F-1 C,248.0242617393423,106.95313219081353,205.83439781770647,40.66990729166667,42.18986392163584,46.48999862665763,13.35192774208561,223.02465686527708,21193.891270627606,0.0,0.0
2014-09-04,15/9-F-1 C,237.28709895833333,107.36995416666667,208.79973104166666,61.08915979166667,28.487367916666667,53.783462291666666,2.371129375,827.75,46375.59,0.0,0.0
2014-09-05,15/9-F-1 C,223.51004,108.490055625,184.58971541666668,53.051124791666666,38.92032458333333,66.291793125,10.308105625,771.16,69487.31,0.0,0.0
2014-09-06,15/9-F-1 C,225.25121020833333,108.44315875,181.58750125,49.88744208333333,43.66370895833333,64.88764104166667,15.083549583333333,764.62,68818.15,0.0,0.0
2014-09-07,15/9-F-1 C,225.93842604166667,108.42755041666666,181.001674375,49.63412854166667,44.936751666666666,60.685872708333335,16.367745833333334,748.7999999999998,67226.27,0.0,0.0
2014-09-08,15/9-F-1 C,224.92908854166666,108.43450255319149,179.58043145833332,49.466828125,45.348657083333336,62.909975625,16.791042291666667,747.9500000000002,66847.2,0.0,0.0
2014-09-09,15/9-F-1 C,224.67618208333334,108.40755958333334,179.13673666666668,49.47163729166667,45.539445416666666,61.99288875,16.99311625,742.98,66355.28,0.0,0.0
2014-09-10,15/9-F-1 C,224.65433291666668,108.38794145833333,179.21602604166668,48.697325,45.438306875,62.49474020833333,16.897661666666668,704.9200000000001,63293.19999999999,0.0,0.0
2014-09-11,15/9-F-1 C,225.9611525,108.33889041666667,180.898486875,48.65349166666667,45.062665625,57.542660625,16.515696458333334,707.36,60994.93,0.0,0.0
2014-09-12,15/9-F-1 C,225.60941645833333,108.32885604166667,180.72737833333332,48.61656083333333,44.882038125,56.71266479166667,16.341968125,715.9500000000002,57081.97,0.0,0.0
2014-09-13,15/9-F-1 C,225.299678125,108.31952291666667,180.79779770833332,48.64684104166667,44.501880416666665,58.730591875,15.958547916666667,720.25,57123.13,0.0,0.0
2014-09-14,15/9-F-1 C,225.14861,108.31536645833333,181.19154541666666,48.62197604166667,43.957064583333334,60.817141041666666,15.41355625,707.0,56615.329999999994,0.0,0.0
2014-09-15,15/9-F-1 C,224.942829375,108.30823083333334,181.29603854166666,48.62278125,43.646790833333334,59.244742083333335,15.093220416666666,633.8,50991.05000000001,0.0,0.0
2014-09-16,15/9-F-1 C,224.80511,108.30123958333333,181.51328708333332,48.6273175,43.29182291666667,58.169179375,14.624452708333333,630.24,50946.9,0.0,0.0
2014-09-17,15/9-F-1 C,224.62491770833333,108.29750041666667,181.71415229166666,48.64232,42.91076541666666,58.46444770833333,14.3231175,641.88,51928.13,0.0,0.0
2014-09-18,15/9-F-1 C,224.54902,108.29035375,181.97209479166668,48.644703125,42.576925208333336,58.85833708333333,14.005613541666667,638.25,49757.91,0.0,0.0
2014-09-19,15/9-F-1 C,224.5589059574468,108.28249893617021,182.30164212765956,48.6,42.257263829787234,59.272996382978725,13.685098510638298,631.8900000000001,49601.74,0.0,0.0
2014-09-20,15/9-F-1 C,221.86346729166667,108.33120979166667,179.487441875,49.14886479166667,42.376025416666664,60.52504666666667,13.811587083333333,678.56,53618.19999999999,0.0,0.0
2014-09-21,15/9-F-1 C,219.55453791666667,108.39116659574468,177.66901375,49.4,41.88552416666667,61.65104125,13.336862890070922,710.4699999999999,56786.579999999994,0.0,0.0
2014-09-22,15/9-F-1 C,219.88835659574468,108.36190489361702,178.45247276595745,49.3,41.43588382978724,61.076911276595744,12.880312765957447,688.61,53587.32,0.0,0.0
2014-09-23,15/9-F-1 C,219.71536958333334,108.35361645833333,178.64348,49.18709416666667,41.07188958333333,58.68430625,12.504548333333334,682.28,53315.98,0.0,0.0
2014-09-24,15/9-F-1 C,219.83302125,108.345740625,179.376233125,49.163099375,40.456788125,58.96465583333333,11.879364791666667,656.8699999999999,51384.99,0.0,0.0
2014-09-25,15/9-F-1 C,220.00881416666667,108.33505416666667,179.9979225,49.129502708333334,40.010891666666666,55.704954375,11.420707291666666,648.4,49352.26,0.0,0.0
2014-09-26,15/9-F-1 C,219.96705833333334,108.330586875,180.19379645833334,49.138491875,39.773261875,54.60610020833333,11.186131041666666,646.9300000000001,49388.31,0.0,0.0
2014-09-27,15/9-F-1 C,219.89681291666668,108.32743083333334,180.22877729166666,49.132468125,39.668035625,53.283423125,11.087791041666666,644.9,49245.80000000001,0.0,0.0
2014-09-28,15/9-F-1 C,220.042380738119,108.32097461963556,180.6680863520222,49.013996041666665,39.37429438609681,53.80521403297813,10.846289529904073,640.3244113569957,48901.56147216723,0.0,0.0
2014-09-30,15/9-F-1 C,241.91947399104407,105.52636695766691,199.35725487584887,14.407040208333333,42.5622191151952,27.725067979161615,22.39990707065067,0.0,0.0,0.0,0.0
2014-10-01,15/9-F-1 C,226.03247879835865,107.48051644230499,217.9567857683223,53.67234583333333,8.075693030036353,52.412518176682546,2.636929043276557,197.23000000000002,8962.05,0.0,0.0
2014-10-02,15/9-F-1 C,211.872953125,108.50217791666667,180.97877958333333,58.427841666666666,30.894173541666667,58.72326041666667,4.5078120833333335,507.29,31730.64,0.0,0.0
2014-10-03,15/9-F-1 C,221.13489208333334,108.40385125,186.135895625,51.874701458333334,34.99899645833333,51.46098083333333,5.624685625,729.87,43000.78,0.0,0.0
2014-10-04,15/9-F-1 C,219.880265,108.43157354166667,183.16858958333333,50.89765583333333,36.711675416666665,57.5794,8.099011041666667,747.44,44101.37,0.0,0.0
2014-10-05,15/9-F-1 C,219.47436208333335,108.43779833333333,181.85077541666666,50.54632395833333,37.62358666666667,57.280016458333336,8.980132083333332,675.79,49500.61000000001,0.0,0.0
2014-10-06,15/9-F-1 C,220.90165854166668,108.3987625,183.04130895833333,50.20831770833333,37.86034958333333,57.764673125,9.253898541666667,659.6800000000001,48232.88,0.0,0.0
2014-10-07,15/9-F-1 C,220.65349854166666,108.40241333333333,182.43708,50.43001520833333,38.21641854166667,55.11826375,9.604592916666666,657.5799999999999,48180.54,0.0,0.0
2014-10-08,15/9-F-1 C,220.66882520833335,108.39618458333334,182.38521104166668,50.49317979166667,38.283614166666666,53.30245854166667,9.666686875,665.64,49975.21,0.0,0.0
2014-10-09,15/9-F-1 C,220.46748604166666,108.395850625,182.13855916666665,50.453150625,38.328926875,53.200375,9.703415833333333,669.75,50479.21,0.0,0.0
2014-10-10,15/9-F-1 C,220.17773166666666,108.39368659574468,181.79826916666667,50.409700208333334,38.3794625,53.766379791666665,9.76957,656.48,50894.03,0.0,0.0
2014-10-11,15/9-F-1 C,220.15625645833333,108.38842458333333,181.93129104166667,50.3959,38.22496541666667,52.71461229166667,9.624984375,651.38,50157.65,0.0,0.0
2014-10-12,15/9-F-1 C,220.145434375,108.38225041666666,182.06691145833332,50.377678958333334,38.078522916666664,56.232058333333335,9.478541041666666,649.25,49865.05000000001,0.0,0.0
2014-10-13,15/9-F-1 C,220.325186875,108.37343895833334,182.512313125,50.36086604166667,37.81287375,60.76198041666667,9.214866458333333,656.6,49604.0,0.0,0.0
2014-10-14,15/9-F-1 C,220.43913479166667,108.36658125,182.78974541666668,50.363024375,37.649389375,60.44961020833333,9.04979875,658.24,49571.91,0.0,0.0
2014-10-15,15/9-F-1 C,220.219323125,108.36782541666666,182.55331541666666,50.467119375,37.66600770833333,60.61770416666667,9.063642708333333,658.3199999999999,49750.13999999999,0.0,0.0
2014-10-16,15/9-F-1 C,220.01191833333334,108.37099416666666,182.427516875,50.563285416666666,37.58440145833333,59.252352083333335,8.978537708333333,654.17,49652.61000000001,0.0,0.0
2014-10-17,15/9-F-1 C,220.21267729166667,108.36285395833333,182.85216916666667,50.558733958333335,37.360508125,59.51860270833333,8.755220833333333,651.76,49635.23,0.0,0.0
2014-10-18,15/9-F-1 C,220.225365625,108.36012604166666,182.90962354166666,50.47798458333333,37.31574208333333,54.29432395833334,8.70129375,649.9000000000001,49749.37,0.0,0.0
2014-10-19,15/9-F-1 C,220.22303854166665,108.35791916666666,183.09045375,50.519794583333336,37.132584791666666,50.16953375,8.507578125,652.19,50070.670000000006,0.0,0.0
2014-10-20,15/9-F-1 C,220.72144604166667,108.34705958333333,184.3632725,50.863903125,36.358173541666666,56.08667270833333,7.728787916666667,661.3,50700.18,0.0,0.0
2014-10-21,15/9-F-1 C,220.41199520833334,108.35143020833333,183.59189541666666,50.91154375,36.820099791666664,55.688217083333335,8.182811666666666,646.1099999999999,48561.88,0.0,0.0
2014-10-22,15/9-F-1 C,220.62353770833334,108.34481708333334,183.94441916666668,50.849293333333335,36.67911854166667,55.688135625,8.0593325,649.5699999999999,48495.35,0.0,0.0
2014-10-23,15/9-F-1 C,220.617973125,108.34410875,183.88779833333334,50.818976875,36.73017479166667,49.98769,8.109852916666666,643.52,48623.420000000006,0.0,0.0
2014-10-24,15/9-F-1 C,220.74459979166667,108.34080729166666,184.09443,50.7731125,36.65016979166667,50.370228125,8.026845416666667,646.24,48608.63999999999,0.0,0.0
2014-10-25,15/9-F-1 C,220.862453125,108.33805958333333,184.27335041666666,50.78375583333333,36.589102708333336,48.383965833333335,7.958775416666667,651.23,49209.26,0.0,0.0
2014-10-26,15/9-F-1 C,220.9579696,108.3358496,184.403695,50.8003956,36.5542746,47.2878134,7.917633,642.4224,49329.168000000005,0.0,0.0
2014-10-27,15/9-F-1 C,219.96368895833334,108.36025895833333,182.96693979166668,50.77880020833334,36.99674916666667,53.30348125,8.444459791666667,650.8499999999999,49190.87,0.0,0.0
2014-10-28,15/9-F-1 C,219.961045625,108.364104375,183.295253125,50.498065,36.6657925,53.39363645833333,8.208829583333333,640.49,48598.96,0.0,0.0
2014-10-29,15/9-F-1 C,220.717868125,108.34513145833333,184.64122666666665,50.498615,36.076641458333334,59.315310833333335,7.609122916666666,624.56,46729.01,0.0,0.0
2014-10-30,15/9-F-1 C,221.11960354166666,108.33341708333333,185.2518825,51.03952375,35.86772104166667,57.79628208333333,7.245215833333333,648.98,48777.44999999999,0.0,0.0
2014-10-31,15/9-F-1 C,219.49491854166666,108.3718944680851,182.653271875,51.309790625,36.84164666666667,58.456375,8.233908958333334,652.3299999999999,50070.47,0.0,0.0
2014-11-01,15/9-F-1 C,219.78469291666667,108.36247833333333,183.32944708333332,50.91824458333333,36.455245833333336,51.983535208333336,7.83321,640.2,49047.96,0.0,0.0
2014-11-02,15/9-F-1 C,220.06557541666666,108.35317723404255,183.840129375,50.90593520833333,36.225446041666665,50.97238791666667,7.587975833333333,651.03,49771.51,0.0,0.0
2014-11-03,15/9-F-1 C,220.343435,108.34458291666667,184.31538604166667,50.93084979166667,36.028048958333336,54.662125625,7.379769166666667,623.62,45685.5,0.0,0.0
2014-11-04,15/9-F-1 C,220.48659291666667,108.340543125,184.59446666666668,50.89229104166667,35.89212625,58.737827708333334,7.242466041666667,595.36,45093.920000000006,0.0,0.0
2014-11-05,15/9-F-1 C,221.7877875,108.30330729166667,186.69130833333332,51.13204354166667,35.09647916666667,58.07886,6.445585833333333,594.78,44831.920000000006,0.0,0.0
2014-11-06,15/9-F-1 C,221.68578833333333,108.29361458333334,186.54387833333334,51.639753125,35.14191,54.915096875,6.485084583333333,602.4200000000001,45409.59,0.0,0.0
2014-11-07,15/9-F-1 C,220.0106675,108.35828145833334,183.52762020833333,50.84322375,36.483047291666665,56.35628729166667,7.915645416666667,596.52,45241.11000000001,0.0,0.0
2014-11-08,15/9-F-1 C,219.9932525,108.35708395833333,183.717356875,50.808165,36.275895625,53.551376041666664,7.820728125,613.95,45656.62,0.0,0.0
2014-11-09,15/9-F-1 C,220.47929020833334,108.34253395833333,184.66963645833334,50.800791875,35.80965375,53.34118770833334,7.389779375,615.53,45638.78,0.0,0.0
2014-11-10,15/9-F-1 C,222.46633104166668,108.28908319148937,188.07677604166668,51.7,34.389555,54.08902208333333,5.83816,607.3199999999999,46087.72,0.0,0.0
2014-11-11,15/9-F-1 C,219.97932229166668,108.35195895833333,183.48821666666666,51.69625333333333,36.491105625,60.33769125,8.044379166666667,626.05,46628.59,0.0,0.0
2014-11-12,15/9-F-1 C,219.18383979166666,108.37858541666667,182.73963291666666,51.636312708333335,36.444206875,59.226929166666665,7.996720625,613.19,46218.27,0.0,0.0
2014-11-13,15/9-F-1 C,220.275471875,108.34954270833333,184.88316833333334,51.605346041666664,35.392303541666664,58.757314375,6.95453125,602.81,45666.25,0.0,0.0
2014-11-14,15/9-F-1 C,220.87930020833332,108.32765375,185.65017270833334,51.584399166666664,35.2291275,58.249173125,6.792428125,602.22,45494.19999999999,0.0,0.0
2014-11-15,15/9-F-1 C,220.069,108.35316208333333,184.40892208333332,51.596816458333336,35.660077916666665,57.9962925,7.220033333333333,604.21,45840.44999999999,0.0,0.0
2014-11-16,15/9-F-1 C,221.1359375,108.32002145833333,186.351299375,52.04162958333333,34.784638125,56.50145729166667,6.347044375,611.8299999999999,45756.05000000001,0.0,0.0
2014-11-17,15/9-F-1 C,222.14570520833334,108.27984895833333,188.301939375,52.620324583333336,33.843765833333336,56.003974791666664,5.412362708333333,623.19,45039.02,0.0,0.0
2014-11-18,15/9-F-1 C,220.41177291666668,108.35060354166667,184.32936125,50.949218125,36.082411666666665,59.360974166666665,7.655098541666667,602.22,44152.35,0.0,0.0
2014-11-19,15/9-F-1 C,221.50414625,108.30921208333334,186.181090625,50.93181270833333,35.323055625,58.972145625,6.8958575,587.55,43106.73,0.0,0.0
2014-11-20,15/9-F-1 C,219.99979645833332,108.34300291666666,183.561393125,50.943275416666665,36.43840333333333,60.767264583333336,8.0168975,587.8199999999999,43755.31,0.0,0.0
2014-11-21,15/9-F-1 C,220.1007775,108.33177041666667,184.11307104166667,50.92782416666667,35.987706458333335,59.958914166666666,7.5717372916666665,584.26,43675.5,0.0,0.0
2014-11-22,15/9-F-1 C,219.91921979166668,108.32732291666666,183.984733125,50.927135,35.934486666666665,57.6117225,7.506506666666667,583.6500000000001,43476.89,0.0,0.0
2014-11-23,15/9-F-1 C,221.05652125,108.18509833333333,186.40782,50.846758333333334,34.64870125,56.576238125,6.221974375,572.3499999999999,42663.27,0.0,0.0
2014-11-24,15/9-F-1 C,229.9495380934897,107.67914914356894,201.56941900941362,26.529501875,28.38011908407607,45.76953872458954,9.30026495897306,0.0,0.0,0.0,0.0
2014-11-30,15/9-F-1 C,247.3583,105.82893,208.73611,35.116491458333336,38.62219,34.16762,32.53673,4.98,501.58,0.0,0.0
2014-12-01,15/9-F-1 C,255.41031,105.64768,248.86561,56.644213541666666,6.5447,20.87301,2.25817,539.9644444444444,45968.142222222225,0.0,0.0
2014-12-05,15/9-F-1 C,257.4456285714286,107.88944892857143,183.66062,27.032211666666665,73.78500857142858,58.496159642857144,44.43215142857143,0.0,0.0,0.0,0.0
2015-01-01,15/9-F-1 C,298.43558686698935,105.3008501031917,192.40860806681286,44.0,106.02697880017651,21.33712516827586,77.94737669091299,402.1894736842105,42397.591578947366,0.0,0.0
2015-01-02,15/9-F-1 C,292.150093125,107.43008645833334,191.88637895833332,45.9521175,100.26371416666667,45.620785,71.457408125,1090.54,118908.67,0.0,0.0
2015-01-03,15/9-F-1 C,279.98879791666667,107.89632375,184.54984833333333,47.7989475,95.43894958333334,60.845041458333334,66.33670625,1262.12,148644.1,0.0,0.0
2015-01-04,15/9-F-1 C,271.29845458333335,107.9118625,184.70966916666666,47.710102291666665,86.58878541666667,57.43637604166667,57.67066666666667,1189.56,115569.52,0.0,0.0
2015-01-05,15/9-F-1 C,265.07030979166666,107.93988645833333,183.37638729166667,47.867310208333336,81.6939225,56.25419291666667,52.70205020833333,1195.73,115433.13,0.0,0.0
2015-01-06,15/9-F-1 C,258.82713041666665,107.946115,182.74352458333334,47.972498333333334,76.08360583333334,59.488347708333336,47.361429791666666,1195.73,113935.04,0.0,0.0
2015-01-07,15/9-F-1 C,254.71381,107.88157604166666,183.96244520833332,47.375647083333334,70.75136479166666,53.00238541666667,42.01268145833333,1035.73,84034.22,0.0,0.0
2015-01-08,15/9-F-1 C,251.04313458333334,107.878468125,182.46051395833334,48.11144854166667,68.582620625,54.207865,39.63654875,1139.27,90849.23,0.0,0.0
2015-01-09,15/9-F-1 C,247.7236247272576,107.56096871869458,188.73857608461583,36.354937291666666,58.985048642641765,48.257347230123166,31.618758945081332,867.477572174043,70110.43507350281,0.0,0.0
2015-01-10,15/9-F-1 C,244.41230114912133,107.63805423247395,179.17845314359457,40.78884583333333,65.23384800552678,54.088435711014746,38.018621974924834,853.1538235980078,71215.13006939681,0.0,0.0
2015-01-11,15/9-F-1 C,243.64955916666668,107.78763770833334,183.94686354166666,47.8685125,59.702695625,54.041505,30.227684375,853.87,70280.92,0.0,0.0
2015-01-12,15/9-F-1 C,239.9133425,107.88149708333333,177.743558125,49.043021458333335,62.169784375,53.399187291666664,32.877976458333336,1015.9500000000002,86569.34,0.0,0.0
2015-01-13,15/9-F-1 C,234.20577833333334,107.90837229166667,174.69568958333332,50.15571125,59.51008875,56.320275208333335,30.120650833333332,1036.01,88850.27999999998,0.0,0.0
2015-01-14,15/9-F-1 C,230.07398625,107.535874375,188.14848791666665,55.80191166666667,41.92549833333333,43.697996875,17.7839125,1018.81,85171.1,0.0,0.0
2015-01-15,15/9-F-1 C,230.81113541666667,107.820459375,184.95168104166666,50.53954125,45.859454375,53.74761854166667,23.545735208333333,790.94,66952.09,0.0,0.0
2015-01-16,15/9-F-1 C,229.08865708333335,107.821553125,178.165985625,48.985481875,50.92267145833333,52.477970416666665,21.419445208333332,760.4,64393.57,0.0,0.0
2015-01-17,15/9-F-1 C,228.88321,107.81721,178.49646,48.97446,50.38675,52.66854,20.96905,711.6500000000001,61533.75,0.0,0.0
2015-01-18,15/9-F-1 C,228.88321,107.81721,178.49646,48.97446,50.38675,52.66854,20.96905,734.93,64668.4,0.0,0.0
2015-01-19,15/9-F-1 C,228.88321,107.81721,178.49646,48.97446,50.38675,52.66854,20.96905,742.8399999999998,65213.05000000001,0.0,0.0
2015-01-20,15/9-F-1 C,224.07523773201112,107.20941299733161,173.06293223629066,29.400224166666668,51.01230549572045,52.24315256876026,20.405797164063006,522.7327637977207,42545.33240261921,0.0,0.0
2015-01-21,15/9-F-1 C,226.79013510896414,106.08545589722993,208.58431391191243,18.765333958333333,18.205821197051712,18.18281180332782,0.41189021925477204,318.24,26922.96,0.0,0.0
2015-01-29,15/9-F-1 C,258.50599480218995,103.73604003853438,226.872256219161,31.084716458333332,31.63373858302895,12.263237745534328,3.2634121313104973,0.0,0.0,0.0,0.0
2015-01-30,15/9-F-1 C,260.2108223599321,101.82023803056028,231.45365363327673,33.57207416666667,28.757168726655348,6.011434346349746,0.48243152801358236,0.0,0.0,0.0,0.0
2015-02-09,15/9-F-1 C,273.9249775178998,107.03466809069212,222.66207350835322,21.282293541666668,51.26290400954654,42.98868064439141,23.06513412887828,1367.2095465393795,46880.19093078759,0.0,0.0
2015-02-10,15/9-F-1 C,266.9449872916667,107.79471354166667,205.706283125,48.896484375,61.238704166666665,62.482487291666665,32.591668541666664,1066.24,61862.19,0.0,0.0
2015-02-11,15/9-F-1 C,259.99126270833335,107.91086916666667,199.303866875,48.95931,60.68739583333333,56.3078925,32.16190208333333,1031.1399999999999,72529.77,0.0,0.0
2015-02-12,15/9-F-1 C,254.66364708333333,107.94134083333333,196.07243979166665,48.945120625,58.59120729166667,58.90773333333333,30.12325125,1016.2800000000001,71095.25,0.0,0.0
2015-02-13,15/9-F-1 C,248.4935984827891,107.05543043306842,192.84992518641124,48.407934166666664,55.64367329637787,58.419693802112,27.30681292466631,958.11,64496.63,0.0,0.0
2015-02-14,15/9-F-1 C,247.16131958333332,107.92781791666667,193.38895520833333,49.024828541666665,53.772364375,62.620599166666665,25.173213958333335,965.2999999999998,64061.91,0.0,0.0
2015-02-15,15/9-F-1 C,242.39248014733948,106.96902529095298,191.1918085650479,48.045273125,51.20067158229159,58.06826543675083,22.877391298194834,957.9699999999999,63549.54,0.0,0.0
2015-02-16,15/9-F-1 C,242.43809791666666,107.90564708333333,192.42222520833334,49.02818,50.01587270833333,56.41098208333333,21.45498,887.81,63731.420000000006,0.0,0.0
2015-02-17,15/9-F-1 C,240.78363227272726,107.89671840909091,192.2188325,46.803729347826085,48.56479977272727,53.986301818181815,19.9701125,883.7599999999999,62914.69999999999,0.0,0.0
2015-02-18,15/9-F-1 C,237.65761625,107.979419375,188.09160708333334,50.76397333333333,49.56600916666667,54.72807145833333,20.958174375,1070.74,77678.67,0.0,0.0
2015-02-19,15/9-F-1 C,230.46039291666668,108.07244,180.77509958333334,52.93471854166667,49.685293333333334,62.20128979166667,21.086734166666666,1271.6,97101.11,0.0,0.0
2015-02-20,15/9-F-1 C,226.44892166666668,108.035421875,179.56347395833333,53.106881875,46.88544770833333,64.83710583333334,18.07755875,1340.6100000000001,95395.52,0.0,0.0
2015-02-21,15/9-F-1 C,223.74443791666667,108.01888083333333,179.72254604166667,53.2423425,44.021891875,68.06124125,15.423551666666667,1296.81,93261.67,0.0,0.0
2015-02-22,15/9-F-1 C,222.10759729166668,108.009535625,180.58834708333333,53.324685833333334,41.51925020833333,63.29983791666667,12.914945833333332,1020.2400000000001,70961.75,0.0,0.0
2015-02-23,15/9-F-1 C,221.13743416666668,107.99818625,181.78779125,53.273245208333336,39.34964291666667,56.295767291666664,10.716931666666667,889.5300000000001,61684.06,0.0,0.0
2015-02-24,15/9-F-1 C,219.292496875,108.04080770833333,179.89666041666666,55.83618875,39.395836458333335,63.126709166666664,10.43758625,1181.83,92974.81,0.0,0.0
2015-02-25,15/9-F-1 C,211.71587791666667,108.176775625,170.841316875,60.367970625,40.87456104166667,74.27926,12.051708958333334,1711.7399999999998,137836.14,0.0,0.0
2015-02-26,15/9-F-1 C,208.73589875,108.164166875,171.62574666666666,60.36061541666667,37.11015208333333,68.83074020833334,8.465377291666666,1361.05,108413.19,0.0,0.0
2015-02-27,15/9-F-1 C,208.16032222777085,108.10379372274461,174.59275600214238,47.620348541666665,33.56756622562847,61.42844815207424,4.963594169125531,1044.2247172503799,75318.49937201948,0.0,0.0
2015-03-18,15/9-F-1 C,269.11540343619225,106.69695702815311,231.80387371243603,19.218938125,37.31152972375623,47.53964051783981,18.62322461833284,1472.6308518297876,39002.40852889686,0.0,0.0
2015-03-19,15/9-F-1 C,260.26414208333335,107.95330791666666,222.06209,51.612996875,38.202052083333335,68.47460083333333,21.497035208333333,1256.56,31636.31,0.0,0.0
2015-03-20,15/9-F-1 C,252.94637354166667,108.13967229166667,211.75848625,51.83247729166666,41.18788729166667,70.30414104166667,24.5238475,1354.23,32483.8,0.0,0.0
2015-03-21,15/9-F-1 C,246.4192775,108.17621916666667,203.14407625,51.95842125,43.27520125,72.432070625,24.557435208333334,1291.78,32819.07,0.0,0.0
2015-03-22,15/9-F-1 C,241.94698625,108.15666708333333,198.65807604166667,53.545301458333334,43.288910208333334,59.767807291666664,14.723960625,1144.19,58378.5,0.0,0.0
2015-03-23,15/9-F-1 C,238.19819416666667,108.1399325,196.34660166666666,53.516415,41.8515925,65.73708395833333,13.361014166666667,1041.05,53457.1,0.0,0.0
2015-03-24,15/9-F-1 C,235.28940333333333,108.11805041666666,194.72170833333334,53.53940541666667,40.567695,68.67021916666667,12.08266125,1154.06,54800.79,0.0,0.0
2015-03-25,15/9-F-1 C,232.31109729166667,108.13058083333334,192.60147916666668,54.719445416666666,39.709618125,69.84208708333334,11.072131875,1346.17,67646.23,0.0,0.0
2015-03-26,15/9-F-1 C,223.934705625,108.24463895833334,184.03750395833333,60.038315625,39.89720166666667,75.16789791666666,8.737491666666667,1482.0999999999997,89538.88,0.0,0.0
2015-03-27,15/9-F-1 C,220.574520625,108.19171229166666,182.846191875,59.87418208333333,37.72832875,71.9744825,6.664692083333334,1473.33,89062.10000000002,0.0,0.0
2015-03-28,15/9-F-1 C,217.49070791666668,108.18540375,181.02717583333333,59.895556875,36.463532083333334,68.1361775,6.9929483333333335,1346.53,75662.72,0.0,0.0
2015-03-29,15/9-F-1 C,214.86722795454546,108.17622931818183,179.8331609090909,57.23280326086957,35.03406704545455,72.43252159090909,6.4257172727272724,1307.85,79169.64,0.0,0.0
2015-03-30,15/9-F-1 C,212.16489553191488,108.203585625,177.8845192819149,63.47054083333333,34.28037625,72.81056625,5.298848541666667,1403.78,90173.3,0.0,0.0
2015-03-31,15/9-F-1 C,208.36728833333333,108.214961875,175.392838125,65.01727458333333,32.97445020833333,73.4941675,4.234798541666667,1381.37,88513.64999999998,0.0,0.0
2015-04-01,15/9-F-1 C,211.3002012316342,107.04089362153994,182.84436683506416,17.946539583333333,28.455834396570012,34.81366962093916,0.5228182270648913,481.9078616298641,31296.177185123706,0.0,0.0
2015-04-20,15/9-F-1 C,275.58731473282444,106.03769748091604,238.97582465648856,31.6905675,36.611490076335876,31.72141961832061,18.501988167938933,839.4943511450381,17430.683358778628,0.0,0.0
2015-04-21,15/9-F-1 C,262.8739525,108.01530729166667,229.99672958333332,52.61598541666667,32.87722291666667,74.117049375,20.16099,1436.1999999999998,25443.87,0.0,0.0
2015-04-22,15/9-F-1 C,253.767355625,108.15864229166667,216.692483125,52.5973525,37.0748725,76.61395916666666,21.688651041666667,1361.78,39276.35,0.0,0.0
2015-04-23,15/9-F-1 C,248.85294395833333,108.14513729166667,209.48844395833333,52.658717708333334,39.3645,72.49167791666666,15.133004166666666,1199.42,46340.29,0.0,0.0
2015-04-24,15/9-F-1 C,246.51121979166666,108.107439375,206.76545333333334,52.65301916666667,39.745766458333335,66.226455,10.816299583333333,1195.8600000000001,46150.43,0.0,0.0
2015-04-25,15/9-F-1 C,243.69955270833333,108.11074916666666,204.34766729166665,52.70381208333333,39.35188541666667,67.09281125,10.419662708333334,1163.34,49280.04,0.0,0.0
2015-04-26,15/9-F-1 C,241.28773604166668,108.10207229166667,202.55864520833333,52.70324479166667,38.72909083333333,67.04715145833333,9.821548958333333,1110.8600000000001,49138.37,0.0,0.0
2015-04-27,15/9-F-1 C,236.87078895833332,108.196923125,198.18931541666666,55.266608958333336,38.68147354166667,70.35926645833334,9.703193333333333,1296.29,57219.1,0.0,0.0
2015-04-28,15/9-F-1 C,232.02757208333333,108.22723291666667,194.032926875,56.90749458333333,37.99464520833333,71.303924375,8.996435833333333,1354.99,63898.13,0.0,0.0
2015-04-29,15/9-F-1 C,224.94327354166666,108.28947229166667,187.74535916666667,59.771223125,37.197914375,76.52687270833333,8.284603958333333,1389.16,82467.28,0.0,0.0
2015-04-30,15/9-F-1 C,219.36683541666667,108.28421604166667,183.723598125,62.13158229166667,35.643237291666665,77.13500020833334,6.733651875,1528.9800000000002,87181.43,0.0,0.0
2015-05-01,15/9-F-1 C,213.64069333333333,108.28916229166667,179.56738291666667,65.019064375,34.073310416666665,77.72017854166667,5.308860625,1591.22,94868.52,0.0,0.0
2015-05-02,15/9-F-1 C,210.47946729166668,108.26396979166667,178.23948041666668,68.38614583333333,32.239986875,76.67961416666667,3.5803683333333334,1489.87,88495.68,0.0,0.0
2015-05-03,15/9-F-1 C,209.44214019944727,108.2326231636749,178.18448286545677,28.405128958333332,31.2576573339905,75.01007179070963,2.6778549532205846,1261.5393172667184,75356.82038002416,0.0,0.0
2015-05-22,15/9-F-1 C,264.55074338983053,107.26373983050847,235.4514866101695,22.223388958333334,29.099256779661015,66.36111644067796,12.029144406779661,1207.9728813559323,67981.47254237288,0.0,0.0
2015-05-23,15/9-F-1 C,249.19537208333333,108.20135625,220.21617979166666,73.66493208333333,28.979192291666667,83.420484375,6.574285208333333,1270.87,76174.53,0.0,0.0
2015-05-24,15/9-F-1 C,235.034919375,108.32018,199.96609875,68.76318791666667,35.068820625,78.99747520833333,5.730275625,1401.53,78842.94,0.0,0.0
2015-05-25,15/9-F-1 C,233.43053645833334,108.16913729166667,197.15619604166668,57.351834375,36.27434041666667,74.119439375,7.481208958333333,1308.07,74291.45,0.0,0.0
2015-05-26,15/9-F-1 C,232.597249375,108.10339166666667,197.78529166666667,56.38096854166667,34.81195770833333,70.58330666666667,6.0599895833333335,1115.8000000000002,51937.63999999999,0.0,0.0
2015-05-27,15/9-F-1 C,232.83395479166666,107.77378708333333,200.6650975,56.4645325,32.16885729166667,56.42825229166667,3.4820341666666668,1129.548,51691.884,0.0,0.0
2015-06-11,15/9-F-1 C,272.69063377042374,106.90409913966312,239.0701156996936,22.757833541666667,33.620518070730135,43.10506678363155,16.67657233011734,1191.4494548252321,27836.67532387994,0.0,0.0
2015-06-12,15/9-F-1 C,259.989081875,107.94494979166667,226.55001625,60.862071666666665,33.439065625,74.2487475,5.694804375,1500.22,31054.74,0.0,0.0
2015-06-13,15/9-F-1 C,253.84501875,108.068313125,217.27801729166666,54.85205479166667,36.56700145833333,74.56848708333334,8.827325416666667,1269.22,36917.37,0.0,0.0
2015-06-14,15/9-F-1 C,251.02736666666667,108.02531083333334,212.33480625,51.820223125,38.692560416666666,67.97954229166666,10.960642291666666,981.9100000000002,34214.48,0.0,0.0
2015-06-15,15/9-F-1 C,248.76812333333334,108.02180145833333,209.87778375,51.75249770833334,38.890339583333336,66.47582645833333,11.152949375,943.27,34789.31,0.0,0.0
2015-06-16,15/9-F-1 C,246.559396875,107.98906916666667,208.353694375,51.4827875,38.2057025,63.713067083333335,10.496157291666666,849.2599999999999,35542.65,0.0,0.0
2015-06-17,15/9-F-1 C,245.20212645833334,107.960440625,207.843325625,51.35455979166667,37.35880083333333,60.13051,9.604126458333333,771.85,32378.430000000004,0.0,0.0
2015-06-18,15/9-F-1 C,243.781339375,107.9626325,207.08969375,51.822890625,36.691645625,62.83206270833333,8.92555,767.9900000000001,32481.180000000004,0.0,0.0
2015-06-19,15/9-F-1 C,242.22255375,107.976584375,206.11444666666668,52.09687666666667,36.10810708333333,63.52119208333333,8.345849791666666,784.17,34081.21,0.0,0.0
2015-06-20,15/9-F-1 C,240.637585,107.98367625,205.19208104166665,52.4484025,35.44550395833333,63.16937229166667,7.6917225,775.48,32411.650000000005,0.0,0.0
2015-06-21,15/9-F-1 C,239.84811166666665,107.95585145833333,205.37853979166667,52.694649375,34.469571875,62.14482604166667,6.70292375,740.4900000000001,30485.3,0.0,0.0
2015-06-22,15/9-F-1 C,238.53256041666666,108.00398625,203.96021104166667,53.39161958333333,34.572349375,64.54508916666667,6.8125310416666665,760.25,31255.55,0.0,0.0
2015-06-23,15/9-F-1 C,234.81089625,108.14835479166666,199.12921395833334,55.361808958333334,35.68168229166667,70.45132104166667,7.941432916666667,1083.38,49947.53,0.0,0.0
2015-06-24,15/9-F-1 C,228.969281875,108.22413145833333,192.65277833333334,56.58418833333333,36.31650354166667,74.713625625,8.626054375,1244.97,62161.12,0.0,0.0
2015-06-25,15/9-F-1 C,226.21517875,108.16948895833333,191.41039625,56.562099583333335,34.8047825,73.23425770833333,7.137094375,1098.64,57124.88999999999,0.0,0.0
2015-06-26,15/9-F-1 C,224.20622208333333,108.16213541666667,190.42839395833334,58.21413104166667,33.777828125,72.32137625,5.958871458333333,1212.0700000000002,65355.84,0.0,0.0
2015-06-27,15/9-F-1 C,221.04118625,108.19619229166666,187.73526645833334,60.88890333333333,33.30591979166667,73.68287583333333,4.773925208333333,1182.69,63621.32,0.0,0.0
2015-06-28,15/9-F-1 C,218.23680395833333,108.21619604166666,185.8359775,62.82589333333333,32.400826458333334,72.15043604166667,3.9133764583333335,1203.26,66072.21,0.0,0.0
2015-06-29,15/9-F-1 C,213.81011541666666,108.287074375,181.86936,69.60881708333334,31.940755416666665,75.97423354166666,3.602936875,1609.1799999999996,91315.49,0.0,0.0
2015-06-30,15/9-F-1 C,207.21897625,108.319924375,176.36229833333334,73.33077083333333,30.856677916666666,77.12882083333334,3.123494583333333,1596.12,92006.82,0.0,0.0
2015-07-01,15/9-F-1 C,211.1208998199698,107.51574452764099,183.43514342297374,10.210002291666667,27.685756396996055,41.20551324613342,0.4916317095577625,305.4984248117217,16749.990126592278,0.0,0.0
2015-07-22,15/9-F-1 C,268.87922223463687,107.54775759776537,240.5757453631285,55.01502395833333,28.30347687150838,64.06441329608938,10.206929888268157,1407.177653631285,18056.849162011174,0.0,0.0
2015-07-23,15/9-F-1 C,257.85251666666665,108.11948541666666,228.91118708333335,76.03492895833334,28.941329583333335,73.50684520833333,1.6543891666666666,1515.5600000000002,25057.069999999996,0.0,0.0
2015-07-24,15/9-F-1 C,248.65667520833333,108.21226604166667,216.19297333333333,62.365308125,32.463701875,77.29776354166667,4.816654375,1416.9899999999998,39858.61,0.0,0.0
2015-07-25,15/9-F-1 C,248.31586041666668,108.07554166666667,213.89819875,53.82786041666667,34.41766166666667,70.60238708333333,7.17167625,948.6,30789.460000000003,0.0,0.0
2015-07-26,15/9-F-1 C,245.78944583333333,108.0969725,211.31430354166667,53.75939666666667,34.475142291666664,69.98886604166667,7.227362291666667,963.32,34487.65,0.0,0.0
2015-07-27,15/9-F-1 C,243.75554895833332,108.07827583333334,209.60083833333334,53.47774666666667,34.154710625,68.88128833333333,6.910010416666666,905.6600000000002,34207.25,0.0,0.0
2015-07-28,15/9-F-1 C,242.07917833333335,108.05901125,208.54417083333334,53.414213333333336,33.5350075,67.50427354166666,6.282735625,894.4399999999999,33825.26,0.0,0.0
2015-07-29,15/9-F-1 C,241.09512708333332,108.014125625,208.54715354166666,53.51099875,32.547973541666664,65.37487104166667,5.283467916666667,762.68,27538.19,0.0,0.0
2015-07-30,15/9-F-1 C,240.00802666666667,108.035161875,207.54031979166666,54.51366604166667,32.467706875,65.544608125,5.197388125,810.7999999999998,30240.3,0.0,0.0
2015-07-31,15/9-F-1 C,237.15612916666666,108.13048479166666,204.26667291666666,56.361824166666665,32.88945625,67.56170979166667,5.459842916666667,976.36,40043.61,0.0,0.0
2015-08-01,15/9-F-1 C,231.56996875,108.24517104166667,197.85706104166667,58.649928958333334,33.71290770833333,68.344095,5.977568125,1176.33,52296.94999999999,0.0,0.0
2015-08-02,15/9-F-1 C,229.023134375,108.173670625,196.68528833333335,58.559740625,32.337846041666666,67.77410708333333,4.700881458333333,1036.44,48064.420000000006,0.0,0.0
2015-08-03,15/9-F-1 C,225.78627145833335,108.21635875,193.70706833333332,62.103713541666664,32.079203125,73.14789625,3.928983125,1204.57,57758.9,0.0,0.0
2015-08-04,15/9-F-1 C,220.49977104166666,108.25252395833333,188.26696145833333,63.750488125,32.232809583333335,73.74903229166667,3.89781375,1288.79,66824.44,0.0,0.0
2015-08-05,15/9-F-1 C,213.10862104166668,108.29224416666666,182.84996333333333,70.87810604166667,30.258657708333335,72.729213125,5.831541875,1879.5700000000004,107840.05,0.0,0.0
2015-08-06,15/9-F-1 C,208.739611875,108.27667416666667,179.0728775,73.51619541666666,29.666734375,75.582770625,2.3916229166666665,1458.58,86709.92,0.0,0.0
2015-08-07,15/9-F-1 C,210.43508587767394,108.14280098473759,183.60699252804173,11.826260833333333,26.82809334963222,71.09571974955627,1.1971883544717763,1017.6202042899303,51890.02207470587,0.0,0.0
2015-09-04,15/9-F-1 C,277.58874137946185,107.37464388523443,244.13986830098779,38.67100104166666,33.44887307847407,58.74552662602509,9.027847477715829,1649.160525871176,40673.36166546915,0.0,0.0
2015-09-05,15/9-F-1 C,265.45919291666667,108.03807208333333,231.90520854166667,58.93306104166667,33.553984375,78.65593833333334,6.861887083333333,1708.45,44064.48,0.0,0.0
2015-09-06,15/9-F-1 C,258.20136104166664,108.09493333333333,222.72154770833333,55.807739166666664,35.47981333333333,76.71006166666666,8.779020833333334,1413.01,51698.11000000001,0.0,0.0
2015-09-07,15/9-F-1 C,253.93391770833333,108.097246875,217.28541208333334,53.856190833333336,36.648505625,73.61219854166667,9.976605625,1343.64,53948.96,0.0,0.0
2015-09-08,15/9-F-1 C,250.72906541666666,108.08575104166667,214.03285625,53.287,36.69620916666667,71.531215,10.044035,1224.96,55458.25,0.0,0.0
2015-09-09,15/9-F-1 C,247.680291875,108.084010625,211.45257125,53.28875020833333,36.227720625,70.84700666666667,9.5660325,1189.0,55321.24,0.0,0.0
2015-09-10,15/9-F-1 C,245.182115625,108.06619291666667,209.83790458333334,53.293696041666664,35.34421104166667,69.52464104166667,8.693740208333333,1109.8200000000002,53158.57,0.0,0.0
2015-09-11,15/9-F-1 C,243.31998416666667,108.03156583333333,209.22841291666666,53.26502791666667,34.09157125,67.37387541666666,7.43589875,1041.5,50330.73,0.0,0.0
2015-09-12,15/9-F-1 C,239.65695458333334,108.14134375,205.5562525,55.98024041666667,34.10070208333333,71.44295145833334,7.377876041666667,1255.27,58900.62,0.0,0.0
2015-09-13,15/9-F-1 C,235.341391875,108.16110833333333,201.878021875,56.80937041666667,33.46337,70.46284833333333,6.753859791666667,1252.17,60948.22,0.0,0.0
2015-09-14,15/9-F-1 C,232.74826645833335,108.139724375,200.32935645833334,57.749569791666666,32.41891,71.87909291666666,5.63909,1245.36,64121.63,0.0,0.0
2015-09-15,15/9-F-1 C,228.46513104166667,108.18670020833333,196.544505,60.309085,31.920626041666665,73.624714375,4.94689625,1324.6,64316.54,0.0,0.0
2015-09-16,15/9-F-1 C,225.027478125,108.17662083333333,193.94675604166667,62.166072916666664,31.080722083333335,73.84938,3.9630064583333335,1326.15,64702.0,0.0,0.0
2015-09-17,15/9-F-1 C,220.58318979166665,108.21312583333334,189.575694375,65.79759375,31.007495416666668,76.780525625,3.371948541666667,1446.33,76528.74,0.0,0.0
2015-09-18,15/9-F-1 C,214.003685,108.284996875,183.17099895833334,77.67799083333334,30.832686041666665,79.77926833333333,2.250710625,1675.89,89918.26,0.0,0.0
2015-09-19,15/9-F-1 C,211.50218395833335,108.07291125,182.97533041666668,93.63542895833334,28.526853541666668,72.65986,1.07988875,1275.42,74359.25,0.0,0.0
2015-09-20,15/9-F-1 C,217.5412459033011,105.90531632674849,192.87613328356485,34.853130416666666,24.665112619736245,29.3560093272889,0.194397092172205,824.7005766404645,47341.33721371082,0.0,0.0
2015-10-14,15/9-F-1 C,282.4954977730719,105.59954950885614,227.80913034137774,13.458973541666667,54.686367431694165,35.887239694082865,31.83695695623417,1176.623516950193,40439.13499743787,0.0,0.0
2015-10-15,15/9-F-1 C,266.7285533333333,107.90339229166666,239.882664375,59.00992166666666,26.845888958333333,79.764853125,8.119115208333334,1750.6999999999998,16146.96,0.0,0.0
2015-10-16,15/9-F-1 C,257.85519270833333,108.0525925,228.37925395833332,55.379709166666665,29.47593875,80.05827895833333,10.756467916666667,1386.4299999999996,23819.66,0.0,0.0
2015-10-17,15/9-F-1 C,254.75435395833333,108.00452479166667,222.52573625,51.612866875,32.22861770833333,72.92637270833333,13.50319,1016.0899999999998,23111.45,0.0,0.0
2015-10-18,15/9-F-1 C,253.10014916666665,107.96312083333333,220.28585875,50.16502833333333,32.814290416666665,69.05145479166667,14.093316041666666,864.7599999999999,22354.38,0.0,0.0
2015-10-19,15/9-F-1 C,248.91862770833333,108.09233604166667,215.46067833333333,52.3161675,33.457949375,72.87741854166667,14.753864791666667,1086.6,33844.5,0.0,0.0
2015-10-20,15/9-F-1 C,244.90601708333332,108.087671875,211.133265625,51.12081625,33.77275145833333,69.83978541666667,15.091922708333334,1036.85,33090.49,0.0,0.0
2015-10-21,15/9-F-1 C,243.21173666666667,108.03095958333333,210.342775,52.894195625,32.868961666666664,61.204734375,9.907452291666667,909.87,31224.76,0.0,0.0
2015-10-22,15/9-F-1 C,240.39309625,108.069755625,208.12842854166666,55.40024979166667,32.264667708333334,64.32232270833333,6.161207708333333,916.4399999999999,32598.24,0.0,0.0
2015-10-23,15/9-F-1 C,238.33851270833333,108.05612979166666,207.07383333333334,56.32230520833333,31.264679375,64.55115645833334,5.2076625,948.29,32908.07,0.0,0.0
2015-10-24,15/9-F-1 C,234.84243083333334,108.11138354166667,203.84765895833334,58.327817083333336,30.994771875,66.50566833333333,4.639771666666666,988.09,38310.69,0.0,0.0
2015-10-25,15/9-F-1 C,232.592934,108.0744868,202.539827,59.99157,30.053107,66.5843442,5.2331716,1070.3600000000001,42500.83,0.0,0.0
2015-10-26,15/9-F-1 C,226.84448729166667,108.18285395833334,194.49775208333332,55.619190208333336,32.346735208333335,70.539358125,13.630285833333334,1253.6599999999999,64546.06,0.0,0.0
2015-10-27,15/9-F-1 C,222.44868479166666,108.17350229166667,191.255495,56.48961791666667,31.193189791666665,75.35461416666666,12.501842916666666,1265.17,68466.4,0.0,0.0
2015-10-28,15/9-F-1 C,219.67743416666667,108.13854791666667,189.71858979166666,56.471529375,29.958844375,73.91004708333334,11.284748333333333,1201.1,64240.19999999999,0.0,0.0
2015-10-29,15/9-F-1 C,214.76013125,108.22752895833334,185.26703166666667,67.6650875,29.493099583333333,76.50866395833333,7.429941458333333,1620.63,93397.01,0.0,0.0
2015-10-30,15/9-F-1 C,213.31978584836287,108.16155333445649,183.93125058297423,6.64388375,29.38853526538864,73.71325652650931,1.2147101208864612,142.01351327386547,7388.391352923442,0.0,0.0
2015-11-18,15/9-F-1 C,278.77097860140003,106.30106010511128,237.3172681649499,27.954128333333333,41.453710436450145,35.500163867048116,23.571090141503493,855.8000894531965,17689.703001810936,0.0,0.0
2015-11-19,15/9-F-1 C,270.76214604166665,107.61160270833334,243.920050625,56.91126104166667,26.842095416666666,64.63461895833333,5.680281458333333,907.44,8877.68,0.0,0.0
2015-11-20,15/9-F-1 C,263.8815775,107.88380479166666,237.190015,60.68199979166667,26.6915625,74.09602354166667,5.131814791666667,1305.94,27014.97,0.0,0.0
2015-11-21,15/9-F-1 C,251.50048395833332,108.18081833333333,222.50035854166666,60.689033125,29.000125416666666,81.46040458333333,7.432566041666667,1677.1500000000003,38791.28,0.0,0.0
2015-11-22,15/9-F-1 C,244.36538895833334,108.21456729166667,212.29090333333335,60.66511104166667,32.074485625,79.65732020833333,6.454427708333333,1334.79,46436.13,0.0,0.0
2015-11-23,15/9-F-1 C,239.834021875,108.20204104166666,206.72158583333334,60.61981875,33.11243604166667,71.80804916666666,5.642015416666666,1338.61,46216.16,0.0,0.0
2015-11-24,15/9-F-1 C,236.09294854166666,108.1676975,203.77491520833334,60.613366041666666,32.31803333333333,73.64569416666667,4.7904704166666665,1211.32,45609.62,0.0,0.0
2015-11-25,15/9-F-1 C,232.987216875,108.16343104166667,201.82569979166666,62.96496,31.161517083333333,74.78287416666667,3.6224920833333334,1241.52,46935.86000000001,0.0,0.0
2015-11-26,15/9-F-1 C,229.87670833333334,108.13021729166667,199.96924729166668,65.61386729166666,29.907461041666668,68.73584854166667,2.5344122916666665,1089.19,44165.41,0.0,0.0
2015-11-27,15/9-F-1 C,227.09142666666668,108.15000291666666,197.44003916666668,55.41932270833333,29.6513875,69.42702729166666,10.640595833333334,1164.95,47139.21,0.0,0.0
2015-11-28,15/9-F-1 C,224.29229291666667,108.12914875,195.16442833333332,55.424830625,29.127864583333334,69.377614375,10.374463958333333,1127.44,48869.1,0.0,0.0
2015-11-29,15/9-F-1 C,222.14875208333333,108.10624020833333,193.65398458333334,55.49048416666667,28.4947675,70.79450604166666,9.748518958333333,1077.93,49522.63999999999,0.0,0.0
2015-11-30,15/9-F-1 C,220.580816875,108.088120625,192.86638333333335,55.475823958333336,27.714433541666665,72.69539166666667,8.985725208333333,1065.31,49034.04,0.0,0.0
2015-12-01,15/9-F-1 C,219.29341958333333,108.08272770833334,192.18957041666667,55.73844625,27.103849166666667,71.46085520833333,8.557774375,1055.35,48722.55000000001,0.0,0.0
2015-12-02,15/9-F-1 C,217.10464354166666,108.12094979166666,190.31470833333333,56.257409375,26.789935208333333,67.98909541666667,9.076614791666668,1087.38,53110.24,0.0,0.0
2015-12-03,15/9-F-1 C,215.271738125,108.13927645833333,188.98080458333334,56.99664666666666,26.290933541666668,71.85915916666667,8.583688333333333,1097.88,53761.4,0.0,0.0
2015-12-04,15/9-F-1 C,213.67574229166667,108.142055625,187.9609225,56.93237583333333,25.714819791666667,70.504564375,8.386423333333333,1143.07,59284.69999999999,0.0,0.0
2015-12-05,15/9-F-1 C,212.13073520833333,108.14998291666667,187.02194,56.804535,25.108795208333333,67.01441041666666,8.37811625,1061.72,51571.829999999994,0.0,0.0
2015-12-06,15/9-F-1 C,211.22852854166666,108.14618229166666,187.07237145833332,56.827998541666666,24.156157083333333,72.423506875,7.89346875,1105.3400000000001,54832.72,0.0,0.0
2015-12-07,15/9-F-1 C,209.86630354166667,108.174094375,185.81189666666666,57.602083541666666,24.054406875,74.38091270833333,8.346496041666667,1125.69,55786.96,0.0,0.0
2015-12-08,15/9-F-1 C,208.07867270833333,108.19927083333333,184.1314275,59.02969145833333,23.94724520833333,69.910693125,8.226480416666666,1214.83,62594.94,0.0,0.0
2015-12-09,15/9-F-1 C,207.58881869115092,108.19228644663708,184.40459835541583,13.989628958333334,23.1842203357351,73.22438250467894,7.709447011220625,1228.8148623357065,64666.26018630938,0.0,0.0
2016-01-04,15/9-F-1 C,284.2686507349632,106.15974488270892,242.97324766610862,26.607074791666665,41.295403068854604,25.043062457036037,24.84099743087102,478.5384128905489,22486.820572499575,0.0,0.0
2016-01-05,15/9-F-1 C,277.91566208333336,107.54915333333334,250.45625833333332,49.877799375,27.45940375,51.209793125,13.16611625,876.12,5277.18,0.0,0.0
2016-01-06,15/9-F-1 C,264.79162104166664,108.05980645833333,239.25224645833333,57.80311041666667,25.539374583333334,77.96664333333334,9.769242708333334,1559.58,15281.590000000002,0.0,0.0
2016-01-07,15/9-F-1 C,255.15576604166668,108.17995625,228.29286916666666,57.47243,26.862896875,79.187146875,11.103118333333333,1577.8,26623.23,0.0,0.0
2016-01-08,15/9-F-1 C,249.94423041666667,108.17290125,220.727464375,54.51911208333333,29.216766041666666,76.90826916666667,13.466975833333333,1316.8200000000002,31122.319999999996,0.0,0.0
2016-01-09,15/9-F-1 C,246.17809916666667,108.14932895833333,215.68324708333333,53.01708979166666,30.494852083333335,74.29704166666667,14.75609125,1175.04,32916.43,0.0,0.0
2016-01-10,15/9-F-1 C,244.58841625,108.072219375,214.33877270833332,52.210673541666665,30.249643541666668,69.10909479166666,14.515705208333333,998.36,30048.94,0.0,0.0
2016-01-11,15/9-F-1 C,243.19835833333335,108.03193958333334,213.86167729166667,51.28628979166667,29.336681041666665,66.23697770833333,13.615655833333333,904.3299999999999,27228.48,0.0,0.0
2016-01-12,15/9-F-1 C,242.52623416666665,108.00059479166667,214.203385625,51.57828333333333,28.322848541666666,68.36913875,12.606638125,841.33,24965.039999999997,0.0,0.0
2016-01-13,15/9-F-1 C,240.05871421042553,108.07225423291489,211.83025746881276,52.317711458333335,28.228456741612767,71.19905921062127,13.066895358940426,1101.8655319148938,37898.23659574468,0.0,0.0
2016-01-14,15/9-F-1 C,236.32052958333333,108.11989895833334,206.53876,52.69472979166667,29.781769583333332,71.27911125,14.093458333333333,1129.32,39859.18,0.0,0.0
2016-01-15,15/9-F-1 C,235.44490104166667,108.05506583333333,207.14949729166668,52.143671875,28.29540375,68.10737416666667,12.614415208333334,926.5899999999998,31090.569999999996,0.0,0.0
2016-01-16,15/9-F-1 C,234.17181916666667,108.04750125,206.73958875,52.301532083333335,27.432230416666666,70.52714708333333,11.752787916666666,894.07,30911.67,0.0,0.0
2016-01-17,15/9-F-1 C,233.165051875,108.03418229166667,206.49438479166668,52.331526875,26.670667083333335,70.704179375,10.999564166666667,869.68,30602.33,0.0,0.0
2016-01-18,15/9-F-1 C,231.72619479166667,108.05649625,205.17980645833333,52.809105,26.546388333333333,69.805816875,10.865480416666667,901.4499999999999,30750.88,0.0,0.0
2016-01-19,15/9-F-1 C,229.55971604166666,108.108315,202.68760145833335,53.833058333333334,26.87211458333333,73.30598229166667,11.185083333333333,1038.65,40019.51,0.0,0.0
2016-01-20,15/9-F-1 C,227.72194960860938,107.98662598991307,201.33986512958336,33.37631770833333,26.382084479026013,69.34320803128524,10.606488755345273,1116.1254386212067,42363.350665057034,0.0,0.0
2016-02-06,15/9-F-1 C,282.7710116874292,105.03181734994338,233.97337381653455,40.326566041666666,48.797637870894675,17.865174722536807,27.942738822197054,292.6314835787089,11073.68154020385,0.0,0.0
2016-02-07,15/9-F-1 C,272.3243097916667,107.662085,248.42330020833333,53.381676666666664,23.901009583333334,48.519867291666664,8.206642708333334,1043.56,8288.1,0.0,0.0
2016-02-08,15/9-F-1 C,265.137895,107.89827104166666,240.19115083333332,54.219458125,24.946744166666665,68.16659291666667,9.212714583333334,1134.9,11560.47,0.0,0.0
2016-02-09,15/9-F-1 C,258.2538127083333,108.055584375,230.12273520833332,54.16731395833333,28.1310775,72.82864458333333,12.387740625,1175.48,18956.75,0.0,0.0
2016-02-10,15/9-F-1 C,251.45104333333333,108.14948020833333,220.04723895833334,54.142060416666666,31.403804375,78.309158125,15.645335208333334,1315.36,32150.460000000003,0.0,0.0
2016-02-11,15/9-F-1 C,245.655401875,108.17973291666667,212.439634375,54.17009291666667,33.2157675,77.27494729166666,17.429410833333332,1297.03,32735.289999999997,0.0,0.0
2016-02-12,15/9-F-1 C,241.0797625,108.15633875,207.77546875,53.736417708333335,33.30429375,74.4874925,17.287176458333334,1246.32,47811.78,0.0,0.0
2016-02-13,15/9-F-1 C,239.048121875,108.06961208333334,207.38210291666667,52.608562291666665,31.666018958333332,72.97353770833334,15.687754583333334,1084.36,45604.079999999994,0.0,0.0
2016-02-14,15/9-F-1 C,236.79045958333333,108.0579075,206.32403458333334,52.71173125,30.466425,72.49527708333333,14.497853333333333,1003.87,37809.55,0.0,0.0
2016-02-15,15/9-F-1 C,234.79026145833333,108.040625625,205.39520583333334,52.63981979166667,29.395055625,71.677284375,13.452901875,998.96,37454.5,0.0,0.0
2016-02-16,15/9-F-1 C,233.137934375,108.02263395833333,204.57507791666666,52.647161458333336,28.562856458333332,61.752515,12.625765625,993.5899999999998,37227.14,0.0,0.0
2016-02-17,15/9-F-1 C,231.65140770833332,108.00969520833333,203.59418875,52.618571875,28.057218958333333,60.882714166666666,12.114534583333333,984.21,36907.86,0.0,0.0
2016-02-18,15/9-F-1 C,230.40704520833333,107.99479770833334,202.930359375,52.604102708333336,27.476685833333335,68.71222020833333,11.540823541666667,975.88,36516.14,0.0,0.0
2016-02-19,15/9-F-1 C,229.32983208333334,107.983375625,202.433918125,52.6160475,26.895913958333335,60.63458979166667,10.958785,955.11,46879.05000000001,0.0,0.0
2016-02-20,15/9-F-1 C,228.53471708333333,107.96923625,202.37217145833333,52.570600416666665,26.162545625,64.9982175,10.24949375,976.66,47840.19999999999,0.0,0.0
2016-02-21,15/9-F-1 C,227.42270479166666,107.9999125,201.22418208333335,53.22882729166667,26.198522708333332,67.60594708333333,10.3268175,978.7199999999999,47176.84,0.0,0.0
2016-02-22,15/9-F-1 C,225.84337166666666,108.01822479166667,199.947930625,53.596062708333335,25.89544104166667,70.94208520833334,9.92307625,1011.52,48861.31,0.0,0.0
2016-02-23,15/9-F-1 C,225.18774604166666,108.00208854166667,200.213585625,53.547580833333335,24.974160416666667,69.88051354166667,9.0277075,1017.19,48622.079999999994,0.0,0.0
2016-02-24,15/9-F-1 C,224.60272416666666,108.02066770833333,199.88546520833333,54.271806875,24.717258958333332,70.60494291666667,8.759052083333334,1044.22,52069.96,0.0,0.0
2016-02-25,15/9-F-1 C,222.38222791666666,108.08101041666667,196.96823229166668,54.970360416666665,25.413995625,72.95335958333334,9.411443333333333,1079.3899999999999,53575.88,0.0,0.0
2016-02-26,15/9-F-1 C,223.45620305588398,107.8121950761974,204.62545854511845,15.770389791666666,18.830744510765545,62.426393156673434,3.7046509657266364,324.77427085376786,17043.41740407505,0.0,0.0
2016-02-28,15/9-F-1 C,241.88953065080867,104.42213726716356,225.79995257496768,2.6284327083333334,16.08957807584101,13.927555335004467,7.980613900452006,54.40072534300457,2836.197815970879,0.0,0.0
2016-03-17,15/9-F-1 C,289.0796756962,105.43034812814219,241.51551849973322,39.20017375,47.56415719646682,24.626024255377136,27.177734846594383,898.6792644472256,8919.618371446706,0.0,0.0
2016-03-18,15/9-F-1 C,281.1776664583333,107.556916875,253.2637475,49.500873125,27.913918958333333,57.58435125,12.343903958333334,881.5099999999999,6203.399999999999,0.0,0.0
2016-03-19,15/9-F-1 C,275.3207614583333,107.798950625,248.43071416666666,51.160925625,26.890047291666665,61.414281875,11.249908958333334,994.16,10454.85,0.0,0.0
2016-03-20,15/9-F-1 C,270.345040625,107.89491270833334,241.73138208333333,51.054733125,28.613658541666666,70.084105625,12.96471625,939.82,13263.03,0.0,0.0
2016-03-21,15/9-F-1 C,265.65120625,107.97627446808511,234.77194041666667,51.042125416666664,30.879265833333335,71.74652583333334,15.1982625,1027.86,17786.79,0.0,0.0
2016-03-22,15/9-F-1 C,260.900588125,108.05586895833333,228.73571083333334,51.69106729166667,32.16487729166667,73.86543666666667,16.475325,1174.65,30603.400000000005,0.0,0.0
2016-03-23,15/9-F-1 C,255.50552208333335,108.12585395833334,221.918106875,52.67782833333333,33.58741520833333,74.74770583333333,17.494782083333334,1220.38,39159.61,0.0,0.0
2016-03-24,15/9-F-1 C,250.39332875,108.14880395833333,216.01095729166667,52.949425416666664,34.38237145833333,68.64098,18.07255125,1230.0,40029.36,0.0,0.0
2016-03-25,15/9-F-1 C,246.17318145833335,108.13793041666666,211.992870625,52.93515,34.18031083333333,72.98476104166667,17.985931041666667,1183.71,40439.71,0.0,0.0
2016-03-26,15/9-F-1 C,241.95944083333333,108.14953854166667,208.72107166666666,53.88785583333333,33.238369166666665,68.79303895833333,17.027582916666667,1178.53,43614.43,0.0,0.0
2016-03-27,15/9-F-1 C,238.13177608695653,108.139165,206.27003130434784,54.10047478260869,31.861744782608696,67.32370326086956,15.657578913043478,1173.7669565217393,43938.64695652174,0.0,0.0
2016-03-28,15/9-F-1 C,235.06083708333333,108.12462395833333,204.56298895833334,54.32923666666667,30.497848125,73.93519375,14.288137708333334,1153.53,44972.96,0.0,0.0
2016-03-29,15/9-F-1 C,231.52434916666667,108.130190625,202.04408833333332,54.763819375,29.480260833333332,76.35266583333333,13.279911875,1170.06,45175.9,0.0,0.0
2016-03-30,15/9-F-1 C,228.85289354166667,108.10638458333334,200.457141875,54.743668125,28.395751666666666,74.6300025,12.211643541666668,1126.09,48066.94999999999,0.0,0.0
2016-03-31,15/9-F-1 C,226.55527291666667,108.09098875,198.96521020833333,54.69002416666667,27.590062708333335,74.72568,11.86001,1108.49,46865.43,0.0,0.0
2016-04-01,15/9-F-1 C,224.56829020833334,108.07355083333333,197.51136041666666,54.770475833333336,27.056929791666665,67.33376520833333,11.37514375,1093.69,48700.43,0.0,0.0
2016-04-02,15/9-F-1 C,223.01174291666666,108.05752375,196.62921958333334,54.687739791666665,26.382523333333335,69.55935083333334,10.680640208333333,1050.95,46880.13999999999,0.0,0.0
2016-04-03,15/9-F-1 C,221.81307270833332,108.04393791666666,196.13257145833333,54.724105,25.68050125,72.502124375,9.909726875,1028.42,45842.82,0.0,0.0
2016-04-04,15/9-F-1 C,220.77974666666665,108.041948125,195.66494104166668,55.067946666666664,25.114805625,71.750353125,9.197132291666666,1079.23,45800.829999999994,0.0,0.0
2016-04-05,15/9-F-1 C,218.752345,108.07781083333333,193.41118875,55.99812791666667,25.34115625,72.21835854166666,9.101047291666667,1110.1399999999999,51990.65,0.0,0.0
2016-04-06,15/9-F-1 C,218.43779135552526,107.85663718691342,192.8301970992447,45.143435,25.607594256280557,66.56839864804736,9.829701290608062,864.7956133472334,40334.19463826874,0.0,0.0
